step,Loss,epoch
49,0.29467064142227173,24
99,0.28773564100265503,49
149,0.2857712507247925,74
199,0.28448760509490967,99
